Timestamp,Gyroscope X (deg/s),Gyroscope Y (deg/s),Gyroscope Z (deg/s),Accelerometer X (g),Accelerometer Y (g),Accelerometer Z (g),Magnetometer X (G),Magnetometer Y (G),Magnetometer Z (G)
12351,-0.0266,-0.0362,0.0043,-0.17626953,-0.18847656,-0.97216797,622.42,416.38,-189.58
12371,-0.0436,-0.0511,0.0117,-0.17919922,-0.19140625,-0.97705078,618.07,418.88,-198.75
12391,-0.0192,-0.0394,0.0032,-0.17724609,-0.20214844,-0.98535156,608.12,393.12,-194.18
12411,-0.0149,-0.0351,0.0074,-0.17480469,-0.19970703,-0.9765625,621.24,398.66,-186.18
12431,-0.0064,-0.0287,0.0043,-0.18554688,-0.19824219,-0.98632812,604.8,418.89,-205.22
12451,0,-0.0383,0.0043,-0.16894531,-0.20605469,-0.98779297,621.3,410.37,-204.43
12471,-0.0096,-0.0415,0.0106,-0.16992188,-0.20361328,-0.98681641,611.05,402.36,-203.23
12491,-0.0192,-0.0372,0.0085,-0.17431641,-0.20117188,-0.98925781,614.03,410.17,-213.65
12511,-0.0234,-0.0309,0.0053,-0.17626953,-0.203125,-0.96923828,606.48,401.36,-195.2
12531,-0.0202,-0.0266,0.0053,-0.18115234,-0.19628906,-0.98876953,631.6,407.76,-195.34
12551,-0.0106,-0.0341,0.0053,-0.18554688,-0.19921875,-0.98339844,597.52,406.89,-198.88
12571,-0.0117,-0.0415,0.0085,-0.17871094,-0.20410156,-0.98876953,609.54,401.11,-200.58
12591,-0.0064,-0.0415,0.0096,-0.17578125,-0.20166016,-0.98535156,617.13,391.43,-198.37
12611,-0.0149,-0.0383,0.0074,-0.18212891,-0.20361328,-0.98925781,609.32,405.53,-192.43
12631,-0.0138,-0.0341,0.0106,-0.18310547,-0.20068359,-0.98291016,614.01,398.37,-198.08
12651,-0.0128,-0.0319,0.0074,-0.17578125,-0.19238281,-0.98925781,615.2,409.5,-193.71
12671,-0.0394,-0.0394,0.0043,-0.1796875,-0.20117188,-0.99121094,597.51,402.96,-193.68
12691,-0.0138,-0.0372,0.0064,-0.17626953,-0.20361328,-0.99072266,626.95,421.41,-200.12
12711,0.0011,-0.0309,0.0096,-0.1875,-0.1953125,-0.97314453,622.71,402.62,-190.06
12731,-0.0117,-0.0426,0.0064,-0.17382812,-0.20507812,-0.96533203,630.28,406.12,-203.37
12751,-0.0096,-0.0287,0.0074,-0.17382812,-0.19628906,-0.99023438,616.89,405.09,-200.55
12771,-0.0245,-0.0458,0.0106,-0.16845703,-0.20947266,-0.98193359,615.29,409.3,-199.05
12791,-0.033,-0.0319,0.0106,-0.18212891,-0.20410156,-0.98242188,627.44,400.62,-204.86
12811,-0.033,-0.0351,0.0085,-0.17089844,-0.20410156,-0.97558594,624.4,400.82,-200.81
12831,-0.0266,-0.0298,0.0096,-0.17333984,-0.20117188,-0.99023438,613.42,415.42,-182.82
12851,-0.0085,-0.0415,0.0106,-0.17724609,-0.19726562,-0.98876953,625.6,406.69,-189.96
12871,-0.0053,-0.0372,0.0053,-0.17333984,-0.19335938,-0.97509766,607.85,402.9,-189.84
12891,-0.0032,-0.0341,0.0074,-0.17089844,-0.19384766,-0.99267578,613.97,398.46,-195.41
12911,-0.0223,-0.0298,0.0053,-0.17529297,-0.19726562,-0.98388672,618.19,415.98,-202.85
13085,-0.0266,-0.0287,0.0064,-0.18066406,-0.1953125,-0.98291016,623.09,396.53,-206.27
13096,-0.0266,-0.0319,0.0043,-0.18066406,-0.20166016,-0.97851562,615.19,406.89,-189.81
13124,-0.0128,-0.0372,0.0106,-0.18212891,-0.203125,-0.99902344,622.53,406.94,-184.58
13135,-0.0181,-0.0383,0.0085,-0.16845703,-0.19140625,-0.98632812,616.77,410.6,-200.36
13164,-0.0096,-0.0341,0.0053,-0.17675781,-0.19775391,-0.99560547,633.19,408.81,-203.32
13175,-0.016,-0.0341,0.0064,-0.18261719,-0.19775391,-0.99169922,616.58,408.38,-185.78
13204,-0.0085,-0.0341,0.0064,-0.17919922,-0.203125,-0.99072266,608.03,406.45,-205.7
13215,-0.0128,-0.0383,0.0096,-0.17919922,-0.20117188,-0.97216797,610.69,407.07,-187.07
13244,-0.0192,-0.0309,0.0096,-0.17480469,-0.19726562,-0.99658203,616.93,401.06,-198.03
13255,-0.0223,-0.0341,0.0064,-0.18359375,-0.19921875,-0.98730469,622.59,413.39,-196.35
13284,-0.0213,-0.0287,0.0053,-0.17529297,-0.19384766,-0.97998047,616.93,401.06,-198.03
13295,-0.0223,-0.0277,0.0053,-0.16943359,-0.19921875,-0.99072266,618.08,416.22,-196.18
13324,-0.0106,-0.0341,0.0074,-0.17041016,-0.19775391,-0.97998047,605.14,393.18,-194.14
13335,-0.0149,-0.0341,0.0053,-0.17773438,-0.20996094,-0.9765625,624.47,400.68,-204.81
13364,-0.0202,-0.0319,0.0074,-0.17285156,-0.19482422,-0.99121094,613.64,421.52,-203.92
13375,-0.0234,-0.0351,0.0085,-0.17529297,-0.20019531,-0.98876953,616.74,408.04,-195.12
13404,-0.0192,-0.0351,0.0085,-0.17041016,-0.203125,-0.98730469,622.79,409.01,-203.16
13415,-0.0181,-0.0394,0.0074,-0.1796875,-0.19628906,-0.98681641,621.15,408.05,-192.51
13444,-0.0106,-0.0383,0.0074,-0.18066406,-0.20166016,-0.98974609,610.99,399.85,-196.65
13455,-0.0074,-0.0362,0.0064,-0.18164062,-0.19677734,-0.98681641,625.45,409.64,-184.53
13484,-0.0138,-0.0372,0.0096,-0.17822266,-0.19970703,-0.99023438,607.88,406.79,-196.36
13495,-0.0138,-0.0383,0.0085,-0.18261719,-0.19091797,-0.97412109,609.12,415.17,-192.09
13524,-0.0192,-0.0372,0.0085,-0.17382812,-0.19970703,-0.97753906,615.32,413.19,-205.57
13535,-0.017,-0.0372,0.0074,-0.18310547,-0.20019531,-0.99316406,616.41,411.38,-179.01
13564,-0.0202,-0.0341,0.0064,-0.17919922,-0.19482422,-0.99267578,626.99,417.38,-197.6
13575,-0.0149,-0.0341,0.0053,-0.17333984,-0.19580078,-0.984375,609.41,405.34,-197.77
13604,-0.0085,-0.0341,0.0085,-0.17236328,-0.19091797,-0.98730469,618.61,392.73,-199.68
13615,-0.0149,-0.0383,0.0096,-0.17578125,-0.19384766,-0.99609375,610.93,402.6,-196.56
13703,-0.0149,-0.0415,0.0085,-0.16503906,-0.19921875,-0.98486328,624.23,405.15,-195.33
13713,-0.0138,-0.0394,0.0106,-0.17431641,-0.19726562,-0.98388672,624.17,407.9,-195.23
13736,-0.016,-0.0362,0.0085,-0.17822266,-0.19628906,-0.98046875,618.38,399.8,-194.1
13756,-0.0106,-0.0383,0.0085,-0.17285156,-0.19824219,-0.98291016,634.87,400.48,-204.97
13776,-0.0106,-0.0404,0.0074,-0.18164062,-0.1953125,-0.98339844,610.93,402.6,-196.56
13796,-0.0032,-0.0553,0.0085,-0.1796875,-0.20214844,-0.98828125,615.69,386.1,-194.54
13816,0,-0.0404,0.0053,-0.171875,-0.19189453,-0.98046875,613.86,407.91,-200.41
13836,-0.0096,-0.0372,0.0074,-0.18505859,-0.19335938,-0.98828125,625.37,422.96,-196.05
13856,-0.0085,-0.0298,0.0074,-0.17236328,-0.20507812,-0.97509766,621.14,410.71,-195.09
13876,-0.016,-0.0404,0.0106,-0.18359375,-0.20605469,-0.99023438,621.57,394,-201.01
13896,-0.0298,-0.0351,0.0085,-0.171875,-0.19384766,-0.98291016,615.41,409.06,-205.72
13916,-0.0128,-0.0426,0.0117,-0.18066406,-0.1953125,-0.98242188,606.38,408.15,-197.63
13936,-0.0149,-0.0426,0.0053,-0.16503906,-0.20410156,-0.98193359,616.88,401.16,-195.36
13956,0.0011,-0.0351,0.0074,-0.18261719,-0.19482422,-0.98876953,609.21,411.04,-192.24
13976,-0.0223,-0.0394,0.0096,-0.17285156,-0.20898438,-0.98291016,613.67,414.89,-197.5
13996,-0.0149,-0.0479,0.0117,-0.17578125,-0.18798828,-1,615.14,409.64,-189.71
14016,-0.016,-0.0436,0.0064,-0.17529297,-0.20068359,-0.97363281,634.66,398.31,-189.06
14036,-0.0128,-0.0277,0.0043,-0.17919922,-0.1953125,-0.98291016,634.82,397.97,-198.4
14056,0.0032,-0.0064,-0.0021,-0.17285156,-0.19970703,-0.97119141,615.25,409.4,-196.38
14076,-0.0085,0.0106,-0.0074,-0.18066406,-0.19580078,-0.98291016,615.56,399.52,-203.39
14096,-0.0468,-0.0128,-0.0011,-0.17675781,-0.20751953,-1.00146484,609.27,408.28,-192.34
14116,-0.017,-0.0277,0.0128,-0.18408203,-0.20166016,-0.99804688,600.29,416.47,-198.58
14136,-0.016,-0.0511,0.0117,-0.17480469,-0.20361328,-0.96923828,621.15,414.65,-200.28
14156,-0.0181,-0.0404,0.0074,-0.18017578,-0.20605469,-0.97412109,605.15,402.38,-205.81
14176,0.0043,-0.0245,0.0021,-0.18212891,-0.19775391,-0.98632812,609.32,405.53,-192.43
14196,0.0011,-0.0245,-0.0021,-0.18310547,-0.20361328,-0.98583984,615.08,422.92,-202.56
14216,-0.0255,-0.0394,-0.0032,-0.17382812,-0.20117188,-0.99023438,606.09,417.98,-191.95
14236,-0.0255,-0.0394,0.0074,-0.17529297,-0.19921875,-0.98046875,610.69,407.07,-187.07
14324,-0.0074,-0.0383,0.0043,-0.18115234,-0.20800781,-0.99121094,627.16,414.38,-204.37
14334,-0.0085,-0.0372,0.0074,-0.17675781,-0.1953125,-0.98046875,624.4,400.82,-200.81
14363,-0.0213,-0.0309,0.0074,-0.17773438,-0.19677734,-0.97802734,618.39,406.35,-203.19
14374,-0.0245,-0.0309,0.0064,-0.17480469,-0.20068359,-0.98144531,617.97,416.47,-189.51
14403,-0.017,-0.0309,0.0096,-0.17626953,-0.19384766,-0.98681641,627.09,410.6,-195.18
14414,-0.016,-0.0341,0.0074,-0.18261719,-0.20410156,-0.97851562,616.61,421.47,-203.97
14443,-0.0053,-0.0415,0.0085,-0.17626953,-0.1953125,-0.98535156,606.37,410.8,-200.2
14454,-0.0085,-0.0383,0.0064,-0.17431641,-0.19775391,-0.98779297,606.55,405.15,-204.4
14483,-0.0085,-0.0287,0.0064,-0.17431641,-0.19775391,-0.97900391,609.21,405.77,-185.76
14494,-0.0202,-0.0341,0.0053,-0.18212891,-0.20214844,-0.98828125,627.04,410.69,-192.51
14523,-0.017,-0.0319,0.0085,-0.1796875,-0.19677734,-0.98535156,610.75,409.58,-193.64
14534,-0.0202,-0.0351,0.0085,-0.18164062,-0.20166016,-0.97314453,622.72,409.16,-199.16
14563,-0.016,-0.0341,0.0053,-0.171875,-0.20117188,-0.97998047,606.4,405.49,-195.06
14574,-0.0149,-0.0341,0.0074,-0.17871094,-0.20214844,-0.97753906,618.42,408.9,-208.43
14603,-0.0085,-0.0341,0.0053,-0.18261719,-0.19580078,-0.97998047,609.56,407.65,-209.68
14614,-0.0106,-0.0341,0.0085,-0.16992188,-0.20605469,-0.98974609,624.36,400.92,-198.14
14643,-0.0149,-0.0404,0.0128,-0.17675781,-0.19824219,-0.98535156,615.61,399.42,-206.06
14654,-0.0149,-0.0351,0.0096,-0.17822266,-0.203125,-0.96386719,622.54,416.14,-196.25
14683,-0.0202,-0.0298,0.0032,-0.17871094,-0.19775391,-0.97949219,624.32,404.95,-200.66
14694,-0.0202,-0.0309,0.0032,-0.17626953,-0.19238281,-0.98242188,602.02,401.45,-195.14
14723,-0.0138,-0.0341,0.0064,-0.17871094,-0.20361328,-0.98388672,591.54,405.77,-194.83
14734,-0.0181,-0.0341,0.0064,-0.17675781,-0.20019531,-0.98535156,613.67,414.89,-197.5
14763,-0.0138,-0.0394,0.0053,-0.18164062,-0.20556641,-0.98291016,624.11,410.65,-195.13
14774,-0.0085,-0.0341,0.0053,-0.17529297,-0.203125,-0.97216797,616.74,417.24,-206.78
14803,-0.0277,-0.0362,0.0053,-0.17919922,-0.203125,-0.99169922,618.28,406.59,-196.52
14814,-0.0234,-0.0341,0.0085,-0.18554688,-0.19921875,-0.97900391,620.69,427.47,-187.83
14843,-0.0138,-0.0383,0.0064,-0.18945312,-0.20166016,-0.98388672,618.14,413.47,-196.28
14854,-0.0192,-0.0404,0.0085,-0.17480469,-0.1953125,-0.9765625,618.36,402.46,-196.67
14937,-0.0117,-0.0309,0.0074,-0.17626953,-0.19726562,-0.99609375,607.77,409.64,-193.6
14947,-0.0106,-0.0341,0.0096,-0.18261719,-0.20068359,-0.9765625,622.78,402.47,-194.07
14976,-0.0202,-0.0309,0.0053,-0.17675781,-0.19775391,-0.99316406,606.39,417.34,-209.3
14987,-0.0181,-0.0309,0.0043,-0.18115234,-0.19824219,-0.99511719,610.89,406.63,-199.08
15016,-0.0074,-0.0298,0.0064,-0.18017578,-0.19970703,-0.98535156,621.29,407.76,-200.52
15027,-0.0117,-0.0309,0.0064,-0.17871094,-0.20068359,-0.98583984,600.36,416.32,-202.58
15056,-0.0128,-0.0351,0.0053,-0.17675781,-0.20703125,-0.98242188,604.86,406.94,-193.65
15067,-0.0149,-0.0341,0.0043,-0.18164062,-0.19970703,-0.98046875,622.49,416.24,-193.58
15096,-0.017,-0.0341,0.0053,-0.17822266,-0.20214844,-0.99560547,613.98,405.01,-204.51
15107,-0.017,-0.0341,0.0032,-0.17675781,-0.19970703,-0.98339844,621.43,400.88,-200.76
15136,-0.016,-0.0341,0.0064,-0.17871094,-0.19824219,-0.98779297,627.13,410.5,-197.84
15147,-0.0181,-0.0341,0.0021,-0.17919922,-0.19189453,-0.97998047,610.98,402.5,-199.22
15176,-0.0149,-0.0351,0.0053,-0.17138672,-0.20898438,-0.97998047,609.34,421.27,-213.2
15187,-0.0138,-0.0362,0.0043,-0.17089844,-0.19970703,-0.97705078,613.72,414.79,-200.16
15216,-0.017,-0.0351,0.0053,-0.18164062,-0.19775391,-0.96240234,610.71,413.61,-196.17
15227,-0.016,-0.0351,0.0053,-0.18212891,-0.19726562,-0.9765625,610.94,397.34,-190.08
15256,-0.017,-0.0341,0.0074,-0.17871094,-0.20751953,-0.97412109,621.2,407.96,-195.18
15267,-0.017,-0.0351,0.0074,-0.17285156,-0.20458984,-0.98291016,609.56,398.45,-198.01
15296,-0.017,-0.0372,0.0085,-0.18066406,-0.19921875,-0.97314453,611.16,396.85,-203.42
15307,-0.0085,-0.0351,0.0085,-0.17285156,-0.19726562,-0.98144531,615.19,406.89,-189.81
15336,-0.017,-0.0341,0.0064,-0.17626953,-0.19482422,-0.98925781,609.51,407.75,-207.01
15347,-0.0106,-0.0341,0.0085,-0.18066406,-0.19921875,-0.97998047,611.16,396.85,-203.42
15376,-0.0138,-0.0341,0.0053,-0.18261719,-0.1953125,-0.99169922,622.98,402.03,-206.08
15387,-0.0138,-0.0309,0.0074,-0.17480469,-0.1953125,-0.97607422,634.56,410.36,-197.96
15416,-0.017,-0.0362,0.0064,-0.1796875,-0.20800781,-0.97314453,622.69,415.8,-205.59
15427,-0.0149,-0.0319,0.0074,-0.17480469,-0.19824219,-0.98291016,609.31,398.99,-183.34
15456,-0.0138,-0.0351,0.0053,-0.18066406,-0.19726562,-0.98876953,616.68,401.6,-183.35
15467,-0.0128,-0.0341,0.0085,-0.18554688,-0.19970703,-1.00195312,609.45,401.3,-195.25
15555,-0.0181,-0.0341,0.0074,-0.17773438,-0.19677734,-0.99072266,624.07,410.75,-192.46
15565,-0.0181,-0.0351,0.0085,-0.18017578,-0.20605469,-0.99121094,615.28,402.76,-189.95
15594,-0.0138,-0.0372,0.0043,-0.18212891,-0.20458984,-0.98583984,630.12,406.46,-194.03
15605,-0.0149,-0.0362,0.0064,-0.17333984,-0.20361328,-0.98242188,606.12,411.34,-185.52
15634,-0.016,-0.0351,0.0074,-0.17626953,-0.20166016,-0.98291016,610.95,409.14,-205.65
15645,-0.0149,-0.0341,0.0085,-0.18652344,-0.20117188,-0.98730469,617.97,416.47,-189.51
15674,-0.017,-0.0362,0.0043,-0.18164062,-0.20361328,-0.98828125,610.96,406.49,-203.08
15685,-0.0138,-0.0341,0.0096,-0.17285156,-0.19970703,-0.97753906,615.1,407.09,-184.47
15714,-0.0149,-0.0351,0.0085,-0.1796875,-0.20117188,-0.98730469,615.42,406.4,-203.15
15725,-0.0128,-0.0341,0.0085,-0.17382812,-0.19775391,-0.98925781,621.3,401.17,-192.76
15754,-0.0149,-0.0341,0.0074,-0.17480469,-0.19824219,-0.97363281,614.11,400.78,-207.32
15765,-0.0149,-0.0341,0.0085,-0.17773438,-0.19677734,-0.96923828,613.94,394.58,-188.89
15794,-0.016,0.0032,-0.0138,-0.18066406,-0.20996094,-0.99072266,624.26,407.71,-200.57
15805,-0.066,-0.0085,-0.0011,-0.17089844,-0.20996094,-0.99755859,622.72,409.16,-199.16
15834,0.0021,-0.0255,0.0138,-0.18945312,-0.17773438,-0.99853516,616.69,414.73,-200.21
15845,-0.0372,-0.0553,0.0096,-0.18017578,-0.18847656,-0.99316406,618.29,413.13,-205.62
15874,0.0362,-0.0564,0.017,-0.19287109,-0.18066406,-0.98242188,627.49,400.52,-207.53
15885,0.0085,-0.0532,0.0074,-0.1875,-0.18945312,-0.98486328,613.67,410.95,-192.3
15914,0.0149,-0.0117,0,-0.18945312,-0.19482422,-0.98046875,615.06,416.38,-193.47
15925,-0.0096,-0.0223,-0.0021,-0.17919922,-0.20361328,-0.98388672,611.05,397.1,-196.75
15954,-0.0415,-0.0319,0.017,-0.18554688,-0.19091797,-0.98681641,606.35,414.78,-204.06
15965,-0.0521,-0.0415,0.0117,-0.18212891,-0.19775391,-0.984375,615.41,409.06,-205.72
15994,-0.0085,-0.0234,0.0043,-0.18554688,-0.19140625,-0.99511719,618.03,416.32,-193.51
16005,-0.0192,-0.0287,0.0043,-0.18359375,-0.19287109,-0.98291016,615.45,408.96,-208.39
16034,0.0128,-0.0351,0.0064,-0.18457031,-0.20166016,-0.9765625,602.07,401.35,-197.8
16045,-0.0011,-0.0394,0.0074,-0.18261719,-0.19775391,-0.97949219,600.2,416.66,-193.24
16074,-0.0234,-0.0372,0.0106,-0.18212891,-0.20019531,-0.98291016,623.07,392.64,-199.75
16074,-0.0234,-0.0372,0.0106,-0.18212891,-0.20019531,-0.98291016,607.92,406.69,-199.03
16155,-0.0117,-0.0383,0.0106,-0.18457031,-0.19482422,-0.99365234,621.09,417.4,-200.18
16165,-0.0043,-0.0458,0.0096,-0.17578125,-0.19384766,-0.97900391,614.9,416.72,-184.13
16189,-0.0011,-0.0404,0.0053,-0.17871094,-0.20068359,-0.98535156,616.64,414.83,-197.54
16209,-0.0138,-0.0341,0.0085,-0.17724609,-0.19775391,-0.98876953,604.75,416.38,-198.65
16229,-0.017,-0.0277,0.0043,-0.17773438,-0.20166016,-0.98046875,624.27,410.31,-204.47
16249,-0.0202,-0.0298,0.0064,-0.17822266,-0.19384766,-0.99169922,618.31,399.95,-190.09
16269,-0.0266,-0.0351,0.0106,-0.19091797,-0.20214844,-0.98486328,606.71,394.28,-200.78
16289,-0.016,-0.0351,0.0074,-0.18115234,-0.1953125,-0.99316406,615.46,397.11,-194.15
16309,-0.0074,-0.0319,0.0064,-0.17578125,-0.20556641,-0.98486328,606.64,401.02,-204.54
16329,-0.0053,-0.0341,0.0074,-0.18066406,-0.19775391,-0.99365234,604.94,402.81,-193.8
16349,-0.016,-0.0341,0.0064,-0.17919922,-0.19921875,-0.99365234,613.83,405.35,-195.17
16369,-0.0128,-0.0351,0.0085,-0.17822266,-0.20019531,-0.98339844,245.89,770.42,165.27
16389,-0.0245,-0.0362,0.0085,-0.17773438,-0.20361328,-0.98242188,616.7,408.14,-192.45
16409,-0.0202,-0.0341,0.0085,-0.17285156,-0.18359375,-0.99902344,607.79,416.18,-202.69
16429,-0.0149,-0.0298,0.0053,-0.18945312,-0.20458984,-0.97900391,608.06,399.81,-199.28
16449,-0.0106,-0.0319,0.0074,-0.16796875,-0.19628906,-0.99804688,625.72,412.99,-205.73
16469,-0.0138,-0.0404,0.0085,-0.17919922,-0.19287109,-0.99755859,624.39,404.81,-204.67
16489,-0.0085,-0.0372,0.0085,-0.17919922,-0.19580078,-0.97509766,615.19,402.96,-184.61
16509,-0.0138,-0.0362,0.0085,-0.17333984,-0.19775391,-0.99121094,625.75,406.35,-199.3
16529,-0.0181,-0.0309,0.0085,-0.18066406,-0.20166016,-0.97753906,604.81,413.63,-198.74
16549,-0.0181,-0.0319,0.0085,-0.18066406,-0.20068359,-0.98974609,606.29,408.34,-192.29
16569,-0.016,-0.0309,0.0074,-0.18066406,-0.20849609,-0.97949219,624.26,398.51,-188.9
16589,-0.0106,-0.0394,0.0106,-0.18017578,-0.19140625,-0.97558594,618.34,413.03,-208.29
16609,-0.0117,-0.0372,0.0074,-0.18603516,-0.20068359,-0.98632812,604.99,402.72,-196.47
16629,-0.0096,-0.0341,0.0096,-0.17285156,-0.19287109,-0.98046875,630.02,413.24,-196.46
16649,-0.0149,-0.0309,0.0064,-0.17382812,-0.203125,-0.98144531,613.8,410.66,-200.31
16669,-0.0181,-0.0362,0.0085,-0.1796875,-0.20703125,-0.97607422,622.72,409.16,-199.16
16689,-0.017,-0.0341,0.0085,-0.18408203,-0.20507812,-0.99365234,621.54,400.64,-207.44
16767,-0.0149,-0.0319,0.0064,-0.1875,-0.20458984,-0.98388672,598.81,415.17,-197.27
16777,-0.0106,-0.0362,0.0064,-0.17724609,-0.20117188,-0.98974609,618.23,406.69,-193.85
16805,-0.0149,-0.0372,0.0074,-0.18212891,-0.20019531,-0.97851562,624.27,405.05,-197.99
16816,-0.016,-0.0362,0.0096,-0.18457031,-0.20605469,-0.98486328,615.22,416.04,-202.81
16845,-0.0149,-0.0341,0.0074,-0.18310547,-0.19287109,-0.98681641,615.31,406.65,-196.48
16856,-0.0138,-0.0319,0.0064,-0.18261719,-0.19628906,-0.98339844,621.3,414.3,-209.62
16885,-0.1437,0.066,0.0202,-0.21435547,-0.24267578,-0.88378906,606.64,401.02,-204.54
16896,-0.1458,0.132,0.0394,-0.19726562,-0.18994141,-0.97363281,622.51,422.78,-202.68
16925,-1.0951,-0.1373,0.1107,-0.19677734,-0.29833984,-1.08251953,623.14,401.69,-215.42
16936,-0.4959,-0.0053,0.0532,-0.2265625,-0.23681641,-1.046875,618.37,397.2,-190.19
16965,0.1479,-0.0234,0.067,-0.15136719,-0.12792969,-1.02685547,617.27,393.74,-210.28
16976,0.0766,-0.0447,-0.0032,-0.17089844,-0.16259766,-0.99511719,615.31,406.65,-196.48
17005,0.331,-0.0702,-0.0372,-0.19384766,-0.16503906,-0.953125,610.65,407.17,-184.4
17016,0.331,-0.0234,-0.0468,-0.20166016,-0.18115234,-0.95556641,613.8,410.66,-200.31
17045,0.0255,-0.016,-0.0202,-0.20068359,-0.20361328,-0.99462891,625.61,409.3,-193.87
17056,-0.066,-0.0745,-0.0894,-0.18457031,-0.21728516,-0.99609375,629.91,418.75,-196.26
17085,0.0234,-0.0596,-0.1479,-0.24951172,-0.29492188,-0.96630859,606.33,410.9,-197.53
17096,-0.2246,-0.1862,0.4108,-0.11474609,0.05029297,-0.83642578,621.3,401.17,-192.76
17125,-0.3203,-0.0692,-0.0894,-0.19238281,-0.18603516,-0.99023438,609.67,398.21,-204.69
17136,-0.0287,-0.0053,-0.1458,-0.23876953,-0.13964844,-1.01367188,613.8,410.66,-200.31
17165,0.0968,0.248,-0.48,-0.19140625,-0.21337891,-1.07519531,609.5,401.21,-197.92
17176,0.0862,0.2841,-0.4268,-0.19580078,-0.23583984,-1.07470703,615.4,399.86,-194.05
17205,-0.1703,0.3257,0.0266,-0.26513672,-0.12597656,-0.99951172,632.05,397.59,-210.36
17205,-0.1703,0.3257,0.0266,-0.26513672,-0.12597656,-0.99951172,621.34,401.07,-195.43
17250,0.0021,0.4214,-0.1107,-0.23730469,-0.20751953,-1.03759766,618.41,402.36,-199.34
17260,0.017,0.5066,-0.1405,-0.27392578,-0.22851562,-1.0390625,607.73,418.93,-202.6
17288,0.2097,0.5268,-0.2937,-0.29003906,-0.13964844,-1.03222656,613.83,405.35,-195.17
17299,0.1469,0.5843,-0.3459,-0.34423828,-0.16357422,-0.99365234,613.75,401.56,-185.97
17376,0.415,0.5013,-0.5183,-0.47412109,-0.16650391,-0.91357422,624.22,407.8,-197.9
17386,0.0809,0.5268,-0.1149,-0.33300781,-0.32177734,-1.06933594,610.8,406.83,-193.74
17410,-0.7173,0.3086,-0.1543,-0.38525391,-0.078125,-1.03222656,622.53,418.79,-198.82
17430,-0.4108,0.0192,-0.4193,-0.41210938,-0.06933594,-1.04199219,621.34,401.07,-195.43
17450,-0.2309,-0.4459,-0.5534,-0.38916016,-0.16064453,-0.91748047,611.04,399.75,-199.32
17470,0.1064,-0.6385,-0.5236,-0.35009766,-0.26220703,-1.01708984,624.27,401.12,-192.8
17490,0.6875,-0.6545,-0.5513,-0.38476562,-0.12597656,-1.04345703,613.71,410.85,-194.97
17510,1.5516,-0.8918,-0.5385,-0.38720703,-0.03515625,-1.04833984,638.99,407.71,-192.78
17530,1.3803,-0.9131,-0.4991,-0.28955078,0.12646484,-0.75292969,609.31,408.19,-195
17550,-2.2476,-0.4821,-0.531,-0.29248047,-0.19628906,-0.90332031,598.95,408.29,-197.51
17570,-2.303,-0.4204,-0.1777,-0.27880859,-0.1953125,-1.05664062,636.2,402.12,-196.94
17590,-1.9912,-0.8631,0.0149,-0.32910156,-0.21044922,-1.08007812,618.38,399.8,-194.1
17610,-1.5389,-0.878,0.282,-0.30761719,-0.09814453,-1.09179688,624.22,407.8,-197.9
17630,-0.8439,-1.0993,0.2107,-0.31542969,0.01708984,-0.99414062,601.9,414.87,-203.99
17650,-0.0468,-1.0376,-0.0543,-0.25244141,0.171875,-0.88818359,618.38,399.8,-194.1
17670,-0.331,-0.7822,-0.5736,-0.22949219,0.08251953,-0.97753906,618.36,402.46,-196.67
17690,-0.248,-0.8226,-0.6843,-0.23828125,-0.01757812,-1.06542969,631.61,405.1,-192.77
17710,0.1639,-1.0376,-0.6907,-0.21826172,0.04199219,-1.109375,618.43,397.05,-194.19
17730,0.5172,-1.1025,-0.7066,-0.24121094,0.09472656,-1.00683594,600.89,392.82,-206.08
17750,0.63,-0.9833,-0.7843,-0.19091797,0.14208984,-0.93164062,609.41,405.34,-197.77
17770,0.3193,-0.8152,-1.0344,-0.17626953,0.07226562,-1.0078125,610.84,409.39,-198.98
17790,0.6077,-0.8354,-1.2196,-0.17480469,0.05371094,-0.94140625,618.59,396.71,-203.53
17810,0.2416,-0.7205,-1.3888,-0.17431641,-0.04150391,-1.05957031,609.15,408.53,-185.66
17830,0.6609,-0.8854,-1.3441,-0.17626953,-0.04150391,-1.08740234,613.92,405.15,-200.51
17850,1.0078,-1.0217,-1.3015,-0.15332031,0.02832031,-0.92480469,610.29,426.34,-186.39
17870,0.5896,-0.8503,-1.3803,-0.11914062,0.00634766,-0.90966797,634.56,410.36,-197.96
17890,-0.1064,-0.7716,-1.2909,-0.10546875,-0.07958984,-0.94873047,624.26,407.71,-200.57
17910,-0.2831,-0.8631,-1.0983,-0.09228516,-0.06640625,-0.97021484,615.45,399.76,-196.72
17979,-0.1958,-0.713,-1.1515,-0.04443359,0.04443359,-0.90917969,625.79,402.32,-196.78
17990,-0.2203,-0.6715,-1.292,-0.07519531,0.01611328,-0.86083984,615.05,419.03,-196.04
18018,-0.4566,-0.348,-1.5495,-0.06787109,-0.07373047,-0.890625,624.07,410.75,-192.46
18029,-0.4119,-0.2288,-1.5453,-0.05859375,-0.10351562,-0.96386719,615.45,399.76,-196.72
18058,0.0947,-0.1894,-1.7709,-0.04248047,-0.07568359,-0.94384766,600.69,397.2,-199.26
18069,-0.0106,-0.1235,-1.8549,-0.02636719,-0.13818359,-1.01318359,615.31,406.65,-196.48
18098,-0.6311,-0.3288,-1.5751,0.00732422,-0.19140625,-1.05859375,618.01,407.17,-180.51
18109,-0.5225,-0.415,-1.4708,-0.00878906,-0.15673828,-1.03857422,611.05,397.1,-196.75
18138,0.0585,-0.4246,-1.524,0.0234375,-0.05615234,-0.82275391,613.93,407.76,-204.41
18149,-0.0351,-0.2831,-1.574,0.03173828,-0.06591797,-0.85253906,607.99,406.55,-203.04
18178,-0.0298,-0.1298,-1.7496,0.08837891,-0.14306641,-1.11669922,611.1,399.61,-203.32
18189,0.5364,-0.2905,-1.8209,0.09326172,-0.16503906,-1.06445312,609.17,415.07,-194.76
18218,0.9546,-0.5449,-1.8698,0.07128906,-0.15917969,-0.72167969,618.44,406.25,-205.86
18229,0.2788,-0.3193,-1.7634,0.09472656,-0.19775391,-0.82324219,606.44,410.65,-204.2
18258,0.0937,-0.1383,-1.2984,0.14599609,-0.05859375,-0.90234375,618.32,406.49,-199.19
18269,0.2065,-0.1075,-1.4548,0.13769531,-0.09082031,-0.93603516,621.37,394.44,-189
18298,-2.0806,-0.1298,-0.9514,0.09033203,-0.33837891,-0.93359375,618.58,390.17,-194.44
18309,-2.2572,-0.1703,-0.6279,0.09423828,-0.21923828,-0.97949219,615.35,402.61,-193.95
18338,-1.1313,-0.1277,-0.7215,0.10742188,-0.09521484,-0.97851562,618.43,397.05,-194.19
18349,-0.9344,-0.0702,-0.8854,0.10546875,-0.10449219,-1.04882812,621.43,400.88,-200.76
18378,0.5459,-0.0234,-1.2515,0.09667969,-0.09570312,-1.21582031,625.82,406.2,-203.31
18389,1.8603,-0.0181,-1.5687,0.14355469,-0.12792969,-1.25292969,604.89,409.5,-198.89
18418,1.4665,-0.3735,-1.6708,0.04003906,-0.28466797,-0.75292969,604.66,416.58,-193.31
18429,0.2373,-0.033,-1.4026,0.04394531,-0.28417969,-0.83789062,610.8,406.83,-193.74
18458,0.3523,0.1022,-1.061,0.11621094,-0.10449219,-1.14501953,626.07,396.47,-206.32
18469,0.6854,-0.0394,-1.1589,0.09814453,-0.2265625,-1.09863281,630.17,415.56,-208.37
18498,0.2852,-0.2065,-0.7556,0.07519531,-0.21582031,-0.91992188,624.18,405.24,-192.66
18509,0.1383,-0.1128,-0.6087,0.11425781,-0.14697266,-0.95654297,600.2,416.66,-193.24
18581,-1.9635,-0.0585,-0.1128,0.06103516,-0.16503906,-1.16162109,616.79,407.95,-197.78
18592,-1.5357,-0.0937,-0.1288,0.07128906,-0.14355469,-1.13134766,613.57,417.74,-194.73
18620,-0.1447,-0.0713,-0.5044,0.07275391,-0.02246094,-0.90527344,622.72,409.16,-199.16
18631,0.1564,0.0958,-0.6353,0.06640625,-0.02197266,-0.90771484,624.23,405.15,-195.33
18660,0.1628,0.3246,-0.8918,0.03027344,-0.05078125,-0.80761719,630.17,406.36,-196.7
18671,-0.5534,0.5555,-0.7684,0.03320312,-0.11816406,-1.03955078,615.59,402.08,-208.63
18700,-0.4023,0.2969,-0.7066,0.01367188,-0.02539062,-0.99169922,606.44,405.39,-197.72
18711,-0.3022,0.3384,-0.7939,-0.0078125,-0.0859375,-0.99169922,618.28,406.59,-196.52
18740,-0.1799,0.4033,-0.5406,-0.02636719,-0.25488281,-1.06152344,617.14,397.97,-207.47
18751,-0.1607,0.3278,-0.2884,-0.02246094,-0.18701172,-1.046875,621.45,407.42,-209.86
18780,-0.1128,0.2937,-0.1969,-0.02197266,-0.13720703,-1.04443359,618.08,416.22,-196.18
18791,-0.1469,0.299,-0.1852,-0.02636719,-0.07519531,-1.03613281,616.59,417.58,-197.44
18820,-0.48,0.3597,-0.1054,-0.08056641,-0.05712891,-1.22021484,615.26,406.74,-193.81
18831,-0.315,0.299,-0.0351,-0.05664062,-0.10302734,-1.03369141,626.11,392.44,-203.79
18860,-0.0841,0.4012,0.0905,-0.0546875,-0.06542969,-1.10205078,616.97,400.97,-200.7
18871,-0.1948,0.2735,0.1437,-0.04589844,0.00097656,-1.04443359,625.7,409.1,-199.21
18900,-0.4917,0.3789,0.0713,-0.03173828,0.04541016,-1.08105469,616.8,405.29,-195.21
18911,-0.4715,0.3778,-0.0245,-0.03857422,0.01904297,-1.09814453,607.67,407.23,-184.36
18940,-0.7396,0.1586,0.1458,-0.06787109,-0.046875,-0.99365234,609.26,414.87,-200.1
18951,-0.8705,0.1958,0.2756,-0.06542969,-0.04003906,-0.99267578,621.19,410.61,-197.75
18980,-1.1238,0.2831,0.6598,-0.14160156,0.01855469,-1.11279297,613.98,405.01,-204.51
18991,-1.0546,0.1288,0.6353,-0.02685547,0.33447266,-1.05664062,618.11,409.59,-189.75
19020,-0.1298,0.1575,0.0245,-0.11035156,0.02148438,-0.95019531,610.99,409.05,-208.32
19031,-0.2703,0.2661,0.1352,-0.10302734,0.17822266,-0.93212891,617.05,404.75,-209.89
19060,-0.4246,0.5555,0.2118,-0.12060547,0.08300781,-1.16748047,633.08,409.06,-196.65
19071,-0.2118,0.5034,0.1469,-0.08886719,0.13330078,-1.21923828,607.92,406.69,-199.03
19100,-0.2395,0.1618,-0.0192,-0.08398438,0.06738281,-1.22216797,622.88,399.62,-196.83
19111,-0.3278,0.0351,-0.0287,-0.06640625,0.10742188,-1.18847656,608.42,385.9,-203.77
19140,0.0362,-0.1011,-0.1213,-0.08740234,0.07910156,-0.91503906,618.03,416.32,-193.51
19217,0.2724,-0.3374,-0.1266,-0.10449219,0.07617188,-1.04199219,625.65,409.2,-196.54
19217,0.2724,-0.3374,-0.1266,-0.10449219,0.07617188,-1.04199219,616.58,408.38,-185.78
19261,0.2416,-0.1479,-0.1341,-0.10253906,0.10058594,-1.04150391,615.42,406.4,-203.15
19271,0.1383,-0.1383,-0.1383,-0.08691406,0.09521484,-1.01660156,624.2,410.46,-200.47
19299,0.0521,-0.1128,-0.0404,-0.08935547,0.10449219,-1.01953125,625.32,423.06,-193.38
19310,0.0468,-0.083,-0.0096,-0.08105469,0.10644531,-1.03125,613.86,407.91,-200.41
19339,0.0532,-0.0713,-0.0085,-0.07617188,0.08837891,-1.02099609,626.02,396.57,-203.65
19350,0.0681,-0.0766,-0.0234,-0.08154297,0.09228516,-1.00537109,615.29,400.1,-187.38
19379,0.1011,-0.0607,-0.0266,-0.08056641,0.10400391,-1.02294922,621.23,410.52,-200.42
19390,0.0681,-0.0713,-0.0192,-0.07861328,0.08496094,-1.01220703,631.46,414.64,-195.1
19419,0.0851,-0.017,-0.0043,-0.08203125,0.10058594,-1.015625,626.97,410.84,-188.5
19430,0.0724,-0.0149,0.0064,-0.09570312,0.09082031,-1.01953125,599.25,401.06,-207.1
19459,0,-0.0564,0.0192,-0.07470703,0.09326172,-1.02099609,609.14,411.18,-188.23
19470,-0.0085,-0.0713,0.0085,-0.08447266,0.08496094,-1,616.84,410.45,-204.36
19499,0.0255,-0.0362,-0.0053,-0.07519531,0.07617188,-1.01416016,600.49,406.83,-198.92
19510,0.0351,-0.0277,-0.0074,-0.07714844,0.08691406,-1.01708984,625.6,406.69,-189.96
19539,-0.0011,-0.0394,-0.0181,-0.07958984,0.09033203,-1.02099609,606.49,405.29,-200.39
19550,-0.0128,-0.0458,-0.0234,-0.07958984,0.08496094,-1.01025391,616.98,394.38,-192.93
19579,-0.0106,-0.0394,-0.0043,-0.07617188,0.08886719,-1.02148438,610.85,406.73,-196.41
19590,-0.0021,-0.0415,-0.0128,-0.07226562,0.08300781,-1.02685547,615.2,409.5,-193.71
19619,0.0064,-0.0426,-0.0064,-0.08837891,0.09082031,-1.02294922,618.28,406.59,-196.52
19630,0,-0.0383,0,-0.08056641,0.09082031,-1.02441406,618.02,413.72,-189.61
19659,-0.0181,-0.0404,0.017,-0.07519531,0.08789062,-1.00439453,605.09,399.87,-199.23
19670,-0.0053,-0.0298,0.0064,-0.06738281,0.08398438,-1.02539062,621.53,394.09,-198.34
19699,-0.0021,-0.0351,0.0053,-0.07568359,0.09033203,-1.02099609,604.7,407.28,-184.31
19710,0.0032,-0.0309,0.0064,-0.07324219,0.08300781,-1.015625,618.43,397.05,-194.19
19739,0.0032,-0.0309,0.0085,-0.08056641,0.08056641,-1.01953125,616.43,417.92,-188.1
19750,-0.0053,-0.0341,0.017,-0.07861328,0.08691406,-1.00830078,606.44,405.39,-197.72
19779,-0.0202,-0.0298,0.0106,-0.07519531,0.078125,-1.02148438,610.75,413.52,-198.83
19852,0,-0.0351,-0.0011,-0.07714844,0.08642578,-1.02392578,614.03,404.91,-207.18
19862,-0.0032,-0.0298,0.0043,-0.08691406,0.08740234,-1.02148438,622.52,409.6,-187.15
19890,-0.0192,-0.0362,0.0192,-0.07714844,0.08496094,-1.01708984,606.37,401.6,-188.53
19901,-0.0266,-0.0436,0.0255,-0.07763672,0.07714844,-1.02050781,625.71,406.45,-196.63
19930,-0.0309,-0.0521,0.0138,-0.07275391,0.08642578,-1.01660156,622.59,413.39,-196.35
19941,-0.016,-0.0415,0.0053,-0.07470703,0.07275391,-1.02294922,621.34,401.07,-195.43
19970,-0.0085,-0.0341,0,-0.07861328,0.09033203,-1.02832031,616.7,408.14,-192.45
19981,-0.0032,-0.0255,0.0043,-0.07568359,0.08203125,-1.02490234,609.41,401.4,-192.58
20010,-0.0128,-0.0319,0.0074,-0.07177734,0.09082031,-1.02392578,613.73,417.39,-204.07
20021,-0.0181,-0.0383,0.0117,-0.08544922,0.0859375,-1.0234375,624.41,394.23,-193.05
20050,-0.0053,-0.0341,0.0021,-0.07910156,0.08349609,-1.01611328,606.15,415.22,-192.05
20061,-0.0053,-0.0341,0.0021,-0.07958984,0.08398438,-1.01611328,621.29,407.76,-200.52
20090,0.016,-0.0096,0.0021,-0.0703125,0.08398438,-1.01757812,609.56,398.45,-198.01
20101,0.0117,-0.017,0,-0.08251953,0.07958984,-1.02685547,610.71,413.61,-196.17
20130,-0.017,-0.0341,0.0043,-0.08642578,0.08398438,-1.02050781,615.16,413.53,-196.23
20141,-0.0202,-0.0372,0.0074,-0.08349609,0.08496094,-1.01611328,605.06,406.5,-205.66
20170,-0.0085,-0.0319,0,-0.07958984,0.07714844,-1.01464844,622.48,418.89,-196.15
20181,-0.0043,-0.0298,0.0043,-0.07910156,0.07666016,-1.01660156,611.01,406.39,-205.75
20210,-0.0043,-0.0181,0.0064,-0.08300781,0.08398438,-1.01953125,617.93,413.91,-184.27
20221,-0.016,-0.0234,0.0074,-0.08056641,0.0859375,-1.01806641,616.69,405.53,-188.54
20250,-0.016,-0.0287,0.0032,-0.07714844,0.08251953,-1.01904297,616.44,424.46,-197.2
20261,-0.0074,-0.0234,0.0043,-0.078125,0.078125,-1.01904297,615.59,392.88,-196.96
20290,-0.0074,-0.017,0.0053,-0.07617188,0.08398438,-1.03027344,622.77,399.86,-190.16
20301,-0.0064,-0.0149,0.0043,-0.08789062,0.08789062,-1.01123047,616.93,401.06,-198.03
20330,0.1724,0.1618,-0.049,-0.08398438,0.07373047,-1.00292969,606.28,411,-194.86
20341,0.2309,0.2214,-0.0564,-0.10302734,0.07714844,-0.99560547,616.74,408.04,-195.12
20370,1.5644,0.05,-0.1171,-0.12890625,0.046875,-1.19238281,625.71,406.45,-196.63
20381,2.286,-0.0351,-0.0937,-0.15185547,-0.01269531,-1.08398438,615.05,409.84,-184.37
20410,1.1472,0.2235,0.0766,-0.22167969,-0.11914062,-0.75195312,596.14,398.81,-195.14
20483,-0.7396,-0.4193,0.0713,-0.10644531,-0.00488281,-1.11181641,609.62,404.9,-209.78
20493,-0.6034,-0.4044,-0.016,-0.09228516,-0.03955078,-1.17773438,610.86,413.27,-205.51
20522,-1.0397,-0.3831,-0.0862,-0.06982422,-0.07421875,-1.18701172,607.83,406.89,-193.7
20533,-0.7237,-0.4608,-0.1054,-0.06982422,-0.09082031,-1.20605469,606.14,421.81,-199.81
20562,0.2107,-0.547,-0.0798,-0.04785156,-0.07861328,-1.17822266,613.87,405.25,-197.84
20573,0.48,-0.5821,-0.1447,-0.04785156,-0.08837891,-1.09667969,618.02,418.98,-196.08
20602,0.5406,-0.5076,-0.1064,-0.04443359,-0.13867188,-1.10009766,606.37,410.8,-200.2
20613,0.4917,-0.4683,-0.0585,-0.03857422,-0.18896484,-1.12695312,609.41,405.34,-197.77
20642,0.3076,-0.5428,0.1575,-0.02099609,-0.19335938,-0.94433594,610.8,406.83,-193.74
20653,-0.3672,-0.4331,0.3384,-0.01220703,-0.2421875,-1.01074219,615.4,399.86,-194.05
20682,-0.6566,-0.48,0.6066,0.00976562,-0.171875,-1.08203125,624.16,410.56,-197.8
20693,-0.5268,-0.4821,0.596,0.02490234,-0.14453125,-1.14306641,606.57,401.16,-200.54
20722,-0.3182,-0.6385,0.5811,0.02734375,-0.16113281,-1.01660156,625.75,402.41,-194.11
20733,-0.3448,-0.6236,0.6098,0.03222656,-0.17138672,-1.02392578,613.66,417.54,-200.07
20762,-0.1309,-0.5981,0.7247,0.04785156,-0.18798828,-1.03710938,609.63,407.5,-213.68
20773,0.0404,-0.6024,0.779,0.04150391,-0.22070312,-1.03076172,600.42,403.05,-189.73
20802,0.5875,-0.597,0.9301,0.10009766,-0.06494141,-0.93994141,618.33,409.1,-203.1
20813,0.3629,-0.5385,0.8631,0.09130859,-0.08154297,-0.96728516,596.34,398.37,-207.15
20842,0.0181,-0.4917,0.8599,0.11328125,-0.15966797,-1.01708984,624.02,417.44,-197.56
20853,-0.2522,-0.4864,0.9493,0.09619141,-0.16552734,-1.04296875,613.83,414.54,-206.84
20882,-0.5364,-0.5183,1.1802,0.09960938,-0.18164062,-1.04980469,615.15,416.18,-198.8
20893,-0.5481,-0.5736,1.2696,0.1015625,-0.16552734,-1.03076172,615.26,406.74,-193.81
20922,0.1426,-0.6747,1.1526,0.08691406,-0.13818359,-0.86474609,604.9,406.85,-196.32
20933,0.1969,-0.6556,1.1249,0.10302734,-0.13232422,-0.92724609,609.37,405.43,-195.1
20962,-0.166,-0.5789,1.376,0.11816406,-0.11767578,-0.95507812,608.02,399.91,-196.61
20973,-0.3288,-0.5087,1.5782,0.13769531,-0.01269531,-0.96875,618.02,418.98,-196.08
21002,-0.282,-0.4693,1.5282,0.14404297,-0.07910156,-0.91943359,618.33,409.1,-203.1
21013,-0.1426,-0.4629,1.4931,0.13671875,-0.10986328,-0.88720703,624.31,401.02,-195.47
21042,0.1873,-0.4736,1.641,0.13916016,0.02978516,-0.89404297,618.41,402.36,-199.34
21119,-0.2065,-0.331,1.6336,0.13623047,0.06494141,-0.76953125,613.66,408.34,-188.4
21119,-0.2065,-0.331,1.6336,0.13623047,0.06494141,-0.76953125,624.55,393.94,-201.05
21163,-0.3118,-0.067,1.7709,0.12841797,0.12255859,-0.91699219,606.44,405.39,-197.72
21173,-0.3597,-0.0713,1.7709,0.13085938,0.14111328,-0.96826172,616.84,401.26,-192.69
21202,0.2203,-0.1309,1.5814,0.10498047,0.13232422,-0.88964844,606.37,401.6,-188.53
21213,0.2363,-0.0958,1.5814,0.10791016,0.17578125,-0.88525391,610.94,397.34,-190.08
21242,0.4236,0.0468,1.4356,0.07763672,0.12060547,-0.91796875,609.81,400.52,-216.6
21253,0.4342,0.0798,1.458,0.07128906,0.14453125,-0.88964844,618.08,416.22,-196.18
21282,-0.0415,0.2363,1.4931,0.06152344,0.11669922,-1.00292969,615.14,409.64,-189.71
21293,-0.0447,0.2246,1.4931,0.07177734,0.13623047,-1.02197266,624.03,414.78,-194.98
21322,0.1703,0.0894,1.3877,0.06103516,0.19335938,-0.87792969,613.87,405.25,-197.84
21333,0.0596,0.1916,1.342,0.04980469,0.13769531,-0.90527344,608.22,399.47,-208.62
21362,0.165,0.331,1.3846,0.04199219,0.15771484,-1.04443359,613.83,405.35,-195.17
21373,0.2724,0.3427,1.3494,0.03271484,0.16455078,-1.10302734,618.36,402.46,-196.67
21402,0.2192,0.2246,1.2856,0.015625,0.16455078,-0.99707031,615.42,406.4,-203.15
21413,0.0809,0.2267,1.3026,0.015625,0.19970703,-0.98339844,622.75,413.05,-205.69
21442,0.1511,0.2011,1.2505,0.02880859,0.26953125,-1.00634766,631.49,408,-188.67
21453,0.1916,0.2203,1.16,0.02734375,0.26904297,-1.01269531,606.04,424.66,-197.04
21482,-0.0724,0.1511,1.0664,0.00488281,0.20068359,-0.9140625,618.47,399.61,-199.43
21493,-0.0372,0.2522,1.0983,-0.00927734,0.26660156,-0.99951172,623.97,408.34,-183.22
21522,-0.1171,0.2405,0.977,-0.03515625,0.26757812,-0.95117188,616.6,414.93,-194.87
21533,-0.0394,0.2246,0.9525,-0.01416016,0.30224609,-0.89990234,609.06,424.51,-199.76
21562,-0.1203,0.249,0.895,-0.04101562,0.28515625,-0.99804688,611.05,402.36,-203.23
21573,-0.067,0.2001,0.8854,-0.05517578,0.32226562,-0.9140625,610.99,409.05,-208.32
21602,-0.1309,0.3129,0.8003,-0.03759766,0.30175781,-0.93115234,614.99,416.53,-189.46
21613,-0.199,0.3427,0.7407,-0.05029297,0.2734375,-0.92626953,623.13,392.49,-203.75
21642,-0.2767,0.3395,0.6864,-0.06738281,0.25,-0.96777344,622.57,409.5,-189.82
21653,-0.1873,0.3852,0.6428,-0.06787109,0.26953125,-0.97216797,621.41,404.86,-204.62
21682,-0.1564,0.3959,0.5172,-0.05957031,0.31494141,-1.01855469,607.71,409.79,-189.6
21693,-0.1309,0.398,0.397,-0.06054688,0.28808594,-1.03027344,627.13,410.5,-197.84
21770,0.0511,0.2916,0.2097,-0.06152344,0.24414062,-1.01171875,604.92,413.39,-205.42
21770,0.0511,0.2916,0.2097,-0.06152344,0.24414062,-1.01171875,627.25,404.99,-198.04
21814,0.1043,0.2873,0.1288,-0.07568359,0.2265625,-1.06005859,627.23,407.65,-200.61
21824,0.2054,0.2714,0.0809,-0.07861328,0.18945312,-1.00195312,613.72,408.2,-192.4
21852,0.0223,0.281,0.1426,-0.08935547,0.19384766,-1.02050781,607.73,413.67,-196.12
21863,-0.0032,0.3171,0.1139,-0.09960938,0.16210938,-1.0703125,622.39,413.83,-184.34
21892,0.166,0.1735,0.1469,-0.10595703,0.20410156,-0.99169922,610.93,402.6,-196.56
21903,0.1022,0.2182,0.1171,-0.09033203,0.16064453,-1.00244141,611.05,397.1,-196.75
21932,-0.0053,0.2703,0.1852,-0.09423828,0.18457031,-0.97363281,615.16,413.53,-196.23
21943,0.0106,0.3086,0.2086,-0.08740234,0.20898438,-1.09765625,616.97,400.97,-200.7
21972,0.1352,0.2384,0.1777,-0.11523438,0.18798828,-1.02539062,613.91,401.22,-195.31
21983,0.0575,0.199,0.1532,-0.10205078,0.14892578,-1.03076172,621.19,410.61,-197.75
22012,0.0596,0.2182,0.1479,-0.12597656,0.14990234,-0.99560547,622.39,423.02,-196
22023,0.0905,0.248,0.1554,-0.11767578,0.12646484,-0.99951172,609.41,401.4,-192.58
22052,0.1469,0.2586,0.2469,-0.11181641,0.19384766,-1.00195312,609.76,398.01,-210.02
22063,0.0841,0.2629,0.2182,-0.10205078,0.26660156,-0.95654297,616.84,401.26,-192.69
22092,-0.2916,0.0564,0.1511,-0.13769531,0.20947266,-0.97314453,623.09,401.79,-212.75
22103,-0.2639,0.083,0.1735,-0.12646484,0.21777344,-0.92382812,621.15,408.05,-192.51
22132,-0.2086,0.2054,0.215,-0.17138672,0.09033203,-1.05908203,623.97,417.54,-194.89
22143,-0.2788,0.249,0.2703,-0.15039062,0.19482422,-1.04150391,615.2,409.5,-193.71
22172,-0.0468,0.0724,0.1777,-0.17138672,0.18115234,-1.07226562,615.26,406.74,-193.81
22183,-0.1639,0.0394,0.2011,-0.18505859,0.19189453,-1.04394531,618.42,399.71,-196.77
22212,-0.4491,0.0926,0.1373,-0.18115234,0.19140625,-1.04345703,610.95,409.14,-205.65
22223,-0.2778,0.1383,0.067,-0.16259766,0.19433594,-1.06787109,593.2,400.09,-199.05
22252,0.182,0.0788,0.05,-0.14257812,0.16943359,-1.14648438,609.47,407.84,-204.34
22263,0.2363,-0.0468,0.0564,-0.15722656,0.12109375,-0.98925781,621.3,405.11,-197.95
22292,0.0255,0.0298,0.0096,-0.15283203,0.18945312,-0.93115234,610.96,406.49,-203.08
22303,0.0117,0.0766,0.0341,-0.13623047,0.20068359,-0.99951172,610.99,399.85,-196.65
22332,0.4119,0.0745,0.0724,-0.1875,0.15380859,-0.96435547,597.22,414.11,-189.29
22405,-0.0043,0.099,0.1554,-0.15185547,0.16503906,-0.90087891,623.18,392.4,-206.42
22415,-0.1586,0.1607,0.1383,-0.17041016,0.08642578,-0.94921875,604.8,409.7,-193.55
22443,-0.7907,-0.3927,-0.0096,-0.19189453,0.08251953,-1.140625,622.78,406.41,-199.26
22454,-0.133,-0.5906,-0.0649,-0.17724609,0.18408203,-1.15673828,622.69,406.6,-193.92
22483,0.2671,-0.5523,-0.0181,-0.16357422,0.17919922,-1.10205078,630.23,412.8,-208.47
22494,0.3916,-0.6896,-0.0543,-0.18359375,0.12939453,-1.02685547,614.16,400.68,-209.99
22523,0.9993,-1.0131,0.0117,-0.14550781,0.14794922,-1.29443359,615.42,406.4,-203.15
22534,0.7971,-1.144,0.0213,-0.12744141,0.16552734,-1.04638672,613.72,414.79,-200.16
22563,0.1288,-0.9429,0.1405,-0.08056641,0.14404297,-1.07666016,606.38,408.15,-197.63
22574,-0.1107,-0.8141,0.1745,-0.07373047,0.10742188,-1.04638672,613.96,401.12,-197.98
22603,-0.0053,-0.5374,0.0479,-0.04980469,0.10058594,-0.97558594,624.39,404.81,-204.67
22614,0.1618,-0.3948,0.0117,-0.06542969,0.04248047,-0.99121094,609.84,384.69,-198.5
22643,-0.0511,-0.4842,0.0064,-0.046875,0.10302734,-1.046875,610.98,402.5,-199.22
22654,-0.0458,-0.4406,0.0458,-0.046875,0.10546875,-1.0234375,599.17,405.19,-206.95
22683,0.1054,-0.2341,0.0543,-0.02734375,0.09863281,-1.01806641,623.97,417.54,-194.89
22694,0.1171,-0.1692,0.0458,-0.03613281,0.10839844,-1.00634766,613.87,405.25,-197.84
22723,0.0915,-0.2086,0.0649,-0.03027344,0.09326172,-1.02197266,618.26,400.05,-187.43
22734,0.0702,-0.2267,0.0702,-0.01855469,0.11132812,-1.00732422,614.99,416.53,-189.46
22763,0.0756,-0.1362,0.0447,-0.02636719,0.09228516,-1.02294922,608.08,397.15,-196.71
22774,0.0756,-0.1288,0.0436,-0.01953125,0.09521484,-1.01318359,625.66,406.54,-193.97
22803,-0.0521,-0.1862,0.0617,-0.02929688,0.10351562,-1.01123047,608.03,406.45,-205.7
22814,-0.0479,-0.1767,0.0692,-0.03662109,0.09423828,-1,618.55,406,-212.53
22843,0.0138,-0.1894,0.1341,-0.02832031,0.10449219,-1.02001953,615.28,402.76,-189.95
22854,0.0287,-0.2022,0.1086,-0.02099609,0.09667969,-1.03759766,606.35,405.59,-192.39
22883,0.0585,-0.1203,0.0192,-0.01611328,0.09179688,-1.03759766,618.58,399.37,-206.11
22894,0.0383,-0.1032,0.017,-0.02441406,0.08056641,-1.02392578,600.5,409.44,-202.83
22923,-0.0585,-0.1373,0.017,-0.00878906,0.10009766,-1.03369141,616.89,405.09,-200.55
22934,-0.0788,-0.1394,0.0106,-0.00097656,0.08007812,-1.01269531,607.62,413.92,-189.45
22963,-0.0447,-0.116,0.0096,-0.00146484,0.09667969,-1.02050781,615.05,419.03,-196.04
23061,-0.0149,-0.1958,0.0915,0.02636719,0.09082031,-1.01757812,622.64,413.29,-199.01
23061,-0.0149,-0.1958,0.0915,0.02636719,0.09082031,-1.01757812,616.73,401.5,-186.02
23105,-0.149,-0.2097,0.1064,0.02148438,0.10546875,-1.03076172,613.87,405.25,-197.84
23115,-0.0468,-0.1937,0.1011,0.02685547,0.11181641,-1.01953125,613.66,417.54,-200.07
23144,0.0766,-0.2139,0.1117,0.02294922,0.11474609,-1.0390625,618.22,409.34,-196.42
23155,0.0543,-0.2341,0.0968,0.02197266,0.10498047,-1.01904297,607.71,409.79,-189.6
23184,0.2246,-0.1969,0.0426,0.03955078,0.08642578,-1.02441406,614.16,391.48,-198.32
23195,0.2203,-0.1713,0.0319,0.03515625,0.08496094,-1.01708984,622.58,406.84,-187.25
23224,0.1692,-0.1405,0.0138,0.04052734,0.09033203,-1.04541016,613.66,408.34,-188.4
23235,0.1756,-0.1362,0.0021,0.03613281,0.08789062,-1.02441406,617.07,394.18,-198.27
23264,0.1341,-0.0777,0.0021,0.03710938,0.06201172,-1.01953125,621.03,410.95,-188.41
23275,0.1054,-0.0628,0.0096,-0.00244141,0.04931641,-0.96679688,606.34,408.24,-194.96
23304,-0.0096,-0.0819,0.1096,0.02880859,0.08642578,-1.03466797,625.76,408.96,-203.21
23315,0.0404,-0.0915,0.0968,0.04345703,0.05224609,-1.02392578,610.73,403.04,-184.55
23344,0.1213,-0.099,-0.0096,0.04736328,0.07714844,-0.96728516,615.41,409.06,-205.72
23355,0.0532,-0.1224,-0.0915,0.02783203,0.06347656,-0.99023438,617.93,413.91,-184.27
23384,0.0702,-0.0383,-0.0287,0.03613281,0.03515625,-0.99560547,621.21,405.3,-192.61
23395,0.0617,0,-0.0117,0.04199219,0.06005859,-1.03759766,610.99,399.85,-196.65
23424,-0.0404,-0.0372,0.0021,0.04443359,0.06054688,-1.01318359,621.24,407.86,-197.85
23435,-0.0553,-0.0511,0,0.04296875,0.07080078,-1.00878906,622.44,418.99,-193.48
23464,-0.0287,-0.0372,-0.0234,0.04736328,0.0625,-1.05517578,621.4,407.52,-207.19
23475,0.0298,-0.0511,-0.0277,0.04394531,0.04345703,-1.03076172,609.27,408.28,-192.34
23504,0.0255,-0.0128,-0.0266,0.04931641,0.06152344,-1.03955078,618.28,406.59,-196.52
23515,0.0128,-0.017,-0.0287,0.04248047,0.05615234,-1.05761719,613.57,417.74,-194.73
23544,-0.0298,-0.0287,-0.016,0.04931641,0.08105469,-1.0078125,615.09,418.94,-198.71
23555,-0.0287,-0.016,-0.0149,0.03955078,0.07519531,-1.04101562,613.51,415.23,-188.16
23584,-0.0383,-0.0192,-0.0085,0.04150391,0.05419922,-1.03173828,616.54,417.68,-194.77
23595,0,-0.0255,-0.0011,0.04199219,0.0625,-1.02392578,614.02,407.56,-209.75
23624,0.0617,-0.0383,-0.0309,0.04052734,0.06884766,-1.02294922,602.14,410.4,-213.47
23703,0.0426,-0.0639,-0.016,0.04101562,0.05029297,-1.03710938,622.88,399.62,-196.83
23714,0.017,-0.0681,0,0.03515625,0.04345703,-1.01953125,616.8,405.29,-195.21
23742,-0.0277,-0.0692,0.0287,0.05712891,0.06689453,-1.02099609,605.06,406.5,-205.66
23753,-0.0341,-0.0521,0.0192,0.03466797,0.06494141,-1.02685547,609.6,394.42,-195.49
23782,0.0149,-0.0351,0.0074,0.03808594,0.04638672,-1.01318359,609.64,394.32,-198.16
23793,0.0032,-0.017,0.0128,0.05224609,0.06152344,-1.02490234,610.99,399.85,-196.65
23822,0.0564,-0.0074,-0.0245,0.05126953,0.06445312,-1.02441406,621.1,405.55,-185.94
23833,0.0894,-0.0096,-0.0383,0.05419922,0.06201172,-1.04150391,614.14,404.66,-213.85
23862,0.0841,-0.0436,-0.0234,0.04492188,0.05175781,-1.00976562,618.21,402.8,-187.33
23873,0.05,-0.0426,-0.0117,0.04443359,0.06201172,-1.0234375,622.58,416.04,-198.92
23902,-0.0521,-0.0202,0.0149,0.04882812,0.05517578,-0.98876953,627.3,398.31,-192.95
23913,-0.0319,-0.0106,0.0032,0.04443359,0.04589844,-1.04833984,616.94,398.41,-195.46
23942,-0.0245,-0.0277,-0.0181,0.02148438,-0.00585938,-1.04492188,605.25,399.52,-208.57
23953,-0.0372,-0.0341,0.0085,0.04980469,0.07128906,-1.0625,611.21,396.75,-206.09
23982,-0.0458,-0.0479,0.0117,0.04199219,0.04248047,-1.02539062,618.05,422.86,-202.61
23993,-0.0628,-0.0415,0.0234,0.04736328,0.05615234,-1.02246094,615.05,413.77,-189.56
24022,-0.1266,-0.0372,0.0415,0.04003906,0.07128906,-1.02148438,617.78,423.45,-186.6
24033,-0.0905,-0.0309,0.0404,0.04785156,0.06689453,-1.00683594,618.53,399.46,-203.44
24062,-0.1607,-0.0287,0.0394,0.04736328,0.04199219,-1.03466797,616.89,410.36,-207.03
24073,-0.1213,-0.0468,0.0543,0.06494141,0.07421875,-1.04443359,610.98,402.5,-199.22
24102,-0.1564,-0.0521,0.0809,0.04394531,0.07910156,-0.98925781,621.29,398.57,-188.85
24113,-0.2054,-0.0394,0.0915,0.04980469,0.06884766,-1.02197266,616.96,404.95,-204.55
24142,-0.0894,0.0277,0.116,0.04199219,0.07568359,-1.015625,615.44,402.42,-199.29
24153,-0.1235,0.0415,0.1298,0.05322266,0.09814453,-1.01904297,613.81,408,-197.74
24182,-0.166,0.0692,0.0851,0.03271484,0.13183594,-1.01757812,609.69,394.23,-200.83
24193,-0.1841,0.0851,0.0734,0.03222656,0.06787109,-0.95996094,627.44,400.62,-204.86
24222,-0.2192,0.1724,0.0851,0.03271484,0.09423828,-1.01904297,620.85,415.28,-182.93
24233,-0.1884,0.1948,0.1096,0.03369141,0.08105469,-1.03417969,610.89,402.7,-193.89
24262,-0.0372,0.0521,0.0543,0.02587891,0.09814453,-1.02685547,243.01,768.08,166.37
24337,0.1075,0.165,0.2097,0.02197266,0.08398438,-1.02246094,610.75,409.58,-193.64
24352,0.1086,0.166,0.1713,0.01074219,0.10644531,-1.06201172,618.12,416.13,-198.85
24367,0.1394,0.1543,0.1309,-0.0234375,0.05615234,-1.04833984,617.78,414.25,-174.93
24396,-0.0404,-0.0585,0.0532,0.00244141,0.08203125,-1.01220703,621,417.59,-194.84
24407,-0.0532,-0.0521,0.0415,0.00830078,0.08642578,-1.03222656,595.68,415.57,-187.89
24436,0.0266,0.0043,0.0192,0.00292969,0.08886719,-1.02539062,607.96,402.66,-196.51
24447,0.0575,0.0309,0.0138,0.01123047,0.08691406,-1.02001953,610.66,413.71,-193.5
24476,-0.0074,-0.0266,0.0255,0.03710938,0.07470703,-1.02929688,624.55,393.94,-201.05
24487,-0.0064,-0.0351,0.0202,-0.01367188,0.07128906,-1.04248047,618.33,409.1,-203.1
24516,-0.049,-0.067,0.0064,-0.01416016,-0.01416016,-1.02392578,600.49,402.9,-193.73
24527,-0.099,-0.0809,0.0128,0.00683594,-0.01318359,-1.05029297,614.06,398.27,-200.75
24556,-0.0223,-0.049,0.016,-0.02050781,0.06298828,-0.95605469,616.61,401.75,-179.35
24567,-0.0117,-0.0553,0.017,0.01074219,0.0859375,-0.99414062,605.09,399.87,-199.23
24596,-0.0479,-0.0788,-0.0117,0.02587891,0.07910156,-0.98730469,605.15,402.38,-205.81
24607,-0.0788,-0.1139,-0.0096,0.02490234,0.07617188,-1.02441406,615.39,402.52,-196.62
24636,0.049,0.0053,0.0096,0.00976562,0.10351562,-1.04052734,621.23,410.52,-200.42
24647,0.0309,0.0064,0.0234,0.00390625,0.07373047,-1.01611328,606.44,410.65,-204.2
24676,0.0085,-0.0117,0.0287,0.01123047,0.10351562,-1.02978516,627.3,407.5,-204.61
24687,0.0117,-0.0074,0.0223,0.01513672,0.06835938,-1.06005859,607.92,402.76,-193.84
24716,0.0192,-0.0117,-0.0011,0.01269531,0.07373047,-1.00732422,610.96,406.49,-203.08
24727,0.0479,0.0181,0.0043,0.00683594,0.06591797,-1.03417969,624.27,401.12,-192.8
24756,0.0085,0.0043,0,-0.00097656,0.10253906,-1.01757812,616.99,398.31,-198.13
24767,0.0021,-0.0021,0.0032,0.01074219,0.08496094,-1.03857422,608.06,399.81,-199.28
24796,-0.0011,0.0085,0.0234,-0.01220703,0.08886719,-1.02587891,631.6,407.76,-195.34
24807,-0.0447,-0.0138,0.0277,-0.00195312,0.05273438,-0.99121094,616.75,405.39,-192.54
24836,0.0479,0.0426,0.0287,-0.00439453,0.07714844,-1.00830078,629.97,416,-196.36
24847,0.0958,0.0468,0.0277,-0.00488281,0.07714844,-1.00878906,601.68,417.96,-194.55
24876,0.0138,-0.0415,-0.0074,0.01123047,0.08740234,-1.03759766,639.08,407.52,-198.12
,,,,,,,,,
,,,,,,,,,
,,,,,,,,,
,,,,,,,,,
,,,,,,,,,
,,,,,,,,,
,,,,,,,,,
,,,,,,,,,